Name,Type 1,Type 2,HP,Attack,Defense,Sp. Atk,Sp. Def,Speed,Generation,Legendary,height,weight,base_experience
Bulbasaur,Grass,Poison,45,49,49,65,65,45,1,False,7,69,64
Ivysaur,Grass,Poison,60,62,63,80,80,60,1,False,10,130,142
Venusaur,Grass,Poison,80,82,83,100,100,80,1,False,20,1000,236
Charmander,Fire,Normal,39,52,43,60,50,65,1,False,6,85,62
Charmeleon,Fire,Normal,58,64,58,80,65,80,1,False,11,190,142
Charizard,Fire,Flying,78,84,78,109,85,100,1,False,17,905,240
Squirtle,Water,Normal,44,48,65,50,64,43,1,False,5,90,63
Wartortle,Water,Normal,59,63,80,65,80,58,1,False,10,225,142
Blastoise,Water,Normal,79,83,100,85,105,78,1,False,16,855,239
Caterpie,Bug,Normal,45,30,35,20,20,45,1,False,3,29,39
Metapod,Bug,Normal,50,20,55,25,25,30,1,False,7,99,72
Butterfree,Bug,Flying,60,45,50,90,80,70,1,False,11,320,178
Weedle,Bug,Poison,40,35,30,20,20,50,1,False,3,32,39
Kakuna,Bug,Poison,45,25,50,25,25,35,1,False,6,100,72
Beedrill,Bug,Poison,65,90,40,45,80,75,1,False,10,295,178
Pidgey,Normal,Flying,40,45,40,35,35,56,1,False,3,18,50
Pidgeotto,Normal,Flying,63,60,55,50,50,71,1,False,11,300,122
Pidgeot,Normal,Flying,83,80,75,70,70,101,1,False,15,395,216
Rattata,Normal,Normal,30,56,35,25,35,72,1,False,3,35,51
Raticate,Normal,Normal,55,81,60,50,70,97,1,False,7,185,145
Spearow,Normal,Flying,40,60,30,31,31,70,1,False,3,20,52
Fearow,Normal,Flying,65,90,65,61,61,100,1,False,12,380,155
Ekans,Poison,Normal,35,60,44,40,54,55,1,False,20,69,58
Arbok,Poison,Normal,60,85,69,65,79,80,1,False,35,650,157
Pikachu,Electric,Normal,35,55,40,50,50,90,1,False,4,60,112
Raichu,Electric,Normal,60,90,55,90,80,110,1,False,8,300,218
Sandshrew,Ground,Normal,50,75,85,20,30,40,1,False,6,120,60
Sandslash,Ground,Normal,75,100,110,45,55,65,1,False,10,295,158
Nidorina,Poison,Normal,70,62,67,55,55,56,1,False,8,200,128
Nidoqueen,Poison,Ground,90,92,87,75,85,76,1,False,13,600,227
Nidorino,Poison,Normal,61,72,57,55,55,65,1,False,9,195,128
Nidoking,Poison,Ground,81,102,77,85,75,85,1,False,14,620,227
Clefairy,Fairy,Normal,70,45,48,60,65,35,1,False,6,75,113
Clefable,Fairy,Normal,95,70,73,95,90,60,1,False,13,400,217
Vulpix,Fire,Normal,38,41,40,50,65,65,1,False,6,99,60
Ninetales,Fire,Normal,73,76,75,81,100,100,1,False,11,199,177
Jigglypuff,Normal,Fairy,115,45,20,45,25,20,1,False,5,55,95
Wigglytuff,Normal,Fairy,140,70,45,85,50,45,1,False,10,120,196
Zubat,Poison,Flying,40,45,35,30,40,55,1,False,8,75,49
Golbat,Poison,Flying,75,80,70,65,75,90,1,False,16,550,159
Oddish,Grass,Poison,45,50,55,75,65,30,1,False,5,54,64
Gloom,Grass,Poison,60,65,70,85,75,40,1,False,8,86,138
Vileplume,Grass,Poison,75,80,85,110,90,50,1,False,12,186,221
Paras,Bug,Grass,35,70,55,45,55,25,1,False,3,54,57
Parasect,Bug,Grass,60,95,80,60,80,30,1,False,10,295,142
Venonat,Bug,Poison,60,55,50,40,55,45,1,False,10,300,61
Venomoth,Bug,Poison,70,65,60,90,75,90,1,False,15,125,158
Diglett,Ground,Normal,10,55,25,35,45,95,1,False,2,8,53
Dugtrio,Ground,Normal,35,80,50,50,70,120,1,False,7,333,149
Meowth,Normal,Normal,40,45,35,40,40,90,1,False,4,42,58
Persian,Normal,Normal,65,70,60,65,65,115,1,False,10,320,154
Psyduck,Water,Normal,50,52,48,65,50,55,1,False,8,196,64
Golduck,Water,Normal,80,82,78,95,80,85,1,False,17,766,175
Mankey,Fighting,Normal,40,80,35,35,45,70,1,False,5,280,61
Growlithe,Fire,Normal,55,70,45,70,50,60,1,False,7,190,70
Arcanine,Fire,Normal,90,110,80,100,80,95,1,False,19,1550,194
Poliwag,Water,Normal,40,50,40,40,40,90,1,False,6,124,60
Poliwhirl,Water,Normal,65,65,65,50,50,90,1,False,10,200,135
Poliwrath,Water,Fighting,90,95,95,70,90,70,1,False,13,540,230
Abra,Psychic,Normal,25,20,15,105,55,90,1,False,9,195,62
Kadabra,Psychic,Normal,40,35,30,120,70,105,1,False,13,565,140
Alakazam,Psychic,Normal,55,50,45,135,95,120,1,False,15,480,225
Machop,Fighting,Normal,70,80,50,35,35,35,1,False,8,195,61
Machoke,Fighting,Normal,80,100,70,50,60,45,1,False,15,705,142
Machamp,Fighting,Normal,90,130,80,65,85,55,1,False,16,1300,227
Bellsprout,Grass,Poison,50,75,35,70,30,40,1,False,7,40,60
Weepinbell,Grass,Poison,65,90,50,85,45,55,1,False,10,64,137
Victreebel,Grass,Poison,80,105,65,100,70,70,1,False,17,155,221
Tentacool,Water,Poison,40,40,35,50,100,70,1,False,9,455,67
Tentacruel,Water,Poison,80,70,65,80,120,100,1,False,16,550,180
Geodude,Rock,Ground,40,80,100,30,30,20,1,False,4,200,60
Graveler,Rock,Ground,55,95,115,45,45,35,1,False,10,1050,137
Golem,Rock,Ground,80,120,130,55,65,45,1,False,14,3000,223
Ponyta,Fire,Normal,50,85,55,65,65,90,1,False,10,300,82
Rapidash,Fire,Normal,65,100,70,80,80,105,1,False,17,950,175
Slowpoke,Water,Psychic,90,65,65,40,40,15,1,False,12,360,63
Slowbro,Water,Psychic,95,75,110,100,80,30,1,False,16,785,172
Magnemite,Electric,Steel,25,35,70,95,55,45,1,False,3,60,65
Magneton,Electric,Steel,50,60,95,120,70,70,1,False,10,600,163
Doduo,Normal,Flying,35,85,45,35,35,75,1,False,14,392,62
Dodrio,Normal,Flying,60,110,70,60,60,100,1,False,18,852,165
Seel,Water,Normal,65,45,55,45,70,45,1,False,11,900,65
Dewgong,Water,Ice,90,70,80,70,95,70,1,False,17,1200,166
Grimer,Poison,Normal,80,80,50,40,50,25,1,False,9,300,65
Muk,Poison,Normal,105,105,75,65,100,50,1,False,12,300,175
Shellder,Water,Normal,30,65,100,45,25,40,1,False,3,40,61
Cloyster,Water,Ice,50,95,180,85,45,70,1,False,15,1325,184
Gastly,Ghost,Poison,30,35,30,100,35,80,1,False,13,1,62
Haunter,Ghost,Poison,45,50,45,115,55,95,1,False,16,1,142
Gengar,Ghost,Poison,60,65,60,130,75,110,1,False,15,405,225
Onix,Rock,Ground,35,45,160,30,45,70,1,False,88,2100,77
Drowzee,Psychic,Normal,60,48,45,43,90,42,1,False,10,324,66
Hypno,Psychic,Normal,85,73,70,73,115,67,1,False,16,756,169
Krabby,Water,Normal,30,105,90,25,25,50,1,False,4,65,65
Kingler,Water,Normal,55,130,115,50,50,75,1,False,13,600,166
Voltorb,Electric,Normal,40,30,50,55,55,100,1,False,5,104,66
Electrode,Electric,Normal,60,50,70,80,80,140,1,False,12,666,172
Exeggcute,Grass,Psychic,60,40,80,60,45,40,1,False,4,25,65
Exeggutor,Grass,Psychic,95,95,85,125,65,55,1,False,20,1200,186
Cubone,Ground,Normal,50,50,95,40,50,35,1,False,4,65,64
Marowak,Ground,Normal,60,80,110,50,80,45,1,False,10,450,149
Hitmonlee,Fighting,Normal,50,120,53,35,110,87,1,False,15,498,159
Hitmonchan,Fighting,Normal,50,105,79,35,110,76,1,False,14,502,159
Lickitung,Normal,Normal,90,55,75,60,75,30,1,False,12,655,77
Koffing,Poison,Normal,40,65,95,60,45,35,1,False,6,10,68
Weezing,Poison,Normal,65,90,120,85,70,60,1,False,12,95,172
Rhyhorn,Ground,Rock,80,85,95,30,30,25,1,False,10,1150,69
Rhydon,Ground,Rock,105,130,120,45,45,40,1,False,19,1200,170
Chansey,Normal,Normal,250,5,5,35,105,50,1,False,11,346,395
Tangela,Grass,Normal,65,55,115,100,40,60,1,False,10,350,87
Kangaskhan,Normal,Normal,105,95,80,40,80,90,1,False,22,800,172
Horsea,Water,Normal,30,40,70,70,25,60,1,False,4,80,59
Seadra,Water,Normal,55,65,95,95,45,85,1,False,12,250,154
Goldeen,Water,Normal,45,67,60,35,50,63,1,False,6,150,64
Seaking,Water,Normal,80,92,65,65,80,68,1,False,13,390,158
Staryu,Water,Normal,30,45,55,70,55,85,1,False,8,345,68
Starmie,Water,Psychic,60,75,85,100,85,115,1,False,11,800,182
Scyther,Bug,Flying,70,110,80,55,80,105,1,False,15,560,100
Jynx,Ice,Psychic,65,50,35,115,95,95,1,False,14,406,159
Electabuzz,Electric,Normal,65,83,57,95,85,105,1,False,11,300,172
Magmar,Fire,Normal,65,95,57,100,85,93,1,False,13,445,173
Pinsir,Bug,Normal,65,125,100,55,70,85,1,False,15,550,175
Tauros,Normal,Normal,75,100,95,40,70,110,1,False,14,884,172
Magikarp,Water,Normal,20,10,55,15,20,80,1,False,9,100,40
Gyarados,Water,Flying,95,125,79,60,100,81,1,False,65,2350,189
Lapras,Water,Ice,130,85,80,85,95,60,1,False,25,2200,187
Ditto,Normal,Normal,48,48,48,48,48,48,1,False,3,40,101
Eevee,Normal,Normal,55,55,50,45,65,55,1,False,3,65,65
Vaporeon,Water,Normal,130,65,60,110,95,65,1,False,10,290,184
Jolteon,Electric,Normal,65,65,60,110,95,130,1,False,8,245,184
Flareon,Fire,Normal,65,130,60,95,110,65,1,False,9,250,184
Porygon,Normal,Normal,65,60,70,85,75,40,1,False,8,365,79
Omanyte,Rock,Water,35,40,100,90,55,35,1,False,4,75,71
Omastar,Rock,Water,70,60,125,115,70,55,1,False,10,350,173
Kabuto,Rock,Water,30,80,90,55,45,55,1,False,5,115,71
Kabutops,Rock,Water,60,115,105,65,70,80,1,False,13,405,173
Aerodactyl,Rock,Flying,80,105,65,60,75,130,1,False,18,590,180
Snorlax,Normal,Normal,160,110,65,65,110,30,1,False,21,4600,189
Articuno,Ice,Flying,90,85,100,95,125,85,1,True,17,554,261
Zapdos,Electric,Flying,90,90,85,125,90,100,1,True,16,526,261
Moltres,Fire,Flying,90,100,90,125,85,90,1,True,20,600,261
Dratini,Dragon,Normal,41,64,45,50,50,50,1,False,18,33,60
Dragonair,Dragon,Normal,61,84,65,70,70,70,1,False,40,165,147
Dragonite,Dragon,Flying,91,134,95,100,100,80,1,False,22,2100,270
Mewtwo,Psychic,Normal,106,110,90,154,90,130,1,True,20,1220,306
Mew,Psychic,Normal,100,100,100,100,100,100,1,False,4,40,270
Chikorita,Grass,Normal,45,49,65,49,65,45,2,False,9,64,64
Bayleef,Grass,Normal,60,62,80,63,80,60,2,False,12,158,142
Meganium,Grass,Normal,80,82,100,83,100,80,2,False,18,1005,236
Cyndaquil,Fire,Normal,39,52,43,60,50,65,2,False,5,79,62
Quilava,Fire,Normal,58,64,58,80,65,80,2,False,9,190,142
Typhlosion,Fire,Normal,78,84,78,109,85,100,2,False,17,795,240
Totodile,Water,Normal,50,65,64,44,48,43,2,False,6,95,63
Croconaw,Water,Normal,65,80,80,59,63,58,2,False,11,250,142
Feraligatr,Water,Normal,85,105,100,79,83,78,2,False,23,888,239
Sentret,Normal,Normal,35,46,34,35,45,20,2,False,8,60,43
Furret,Normal,Normal,85,76,64,45,55,90,2,False,18,325,145
Hoothoot,Normal,Flying,60,30,30,36,56,50,2,False,7,212,52
Noctowl,Normal,Flying,100,50,50,76,96,70,2,False,16,408,158
Ledyba,Bug,Flying,40,20,30,40,80,55,2,False,10,108,53
Ledian,Bug,Flying,55,35,50,55,110,85,2,False,14,356,137
Spinarak,Bug,Poison,40,60,40,40,40,30,2,False,5,85,50
Ariados,Bug,Poison,70,90,70,60,60,40,2,False,11,335,140
Crobat,Poison,Flying,85,90,80,70,80,130,2,False,18,750,241
Chinchou,Water,Electric,75,38,38,56,56,67,2,False,5,120,66
Lanturn,Water,Electric,125,58,58,76,76,67,2,False,12,225,161
Pichu,Electric,Normal,20,40,15,35,35,60,2,False,3,20,41
Cleffa,Fairy,Normal,50,25,28,45,55,15,2,False,3,30,44
Igglybuff,Normal,Fairy,90,30,15,40,20,15,2,False,3,10,42
Togepi,Fairy,Normal,35,20,65,40,65,20,2,False,3,15,49
Togetic,Fairy,Flying,55,40,85,80,105,40,2,False,6,32,142
Natu,Psychic,Flying,40,50,45,70,45,70,2,False,2,20,64
Xatu,Psychic,Flying,65,75,70,95,70,95,2,False,15,150,165
Mareep,Electric,Normal,55,40,40,65,45,35,2,False,6,78,56
Flaaffy,Electric,Normal,70,55,55,80,60,45,2,False,8,133,128
Ampharos,Electric,Normal,90,75,85,115,90,55,2,False,14,615,230
Bellossom,Grass,Normal,75,80,95,90,100,50,2,False,4,58,221
Marill,Water,Fairy,70,20,50,20,50,40,2,False,4,85,88
Azumarill,Water,Fairy,100,50,80,60,80,50,2,False,8,285,189
Sudowoodo,Rock,Normal,70,100,115,30,65,30,2,False,12,380,144
Politoed,Water,Normal,90,75,75,90,100,70,2,False,11,339,225
Hoppip,Grass,Flying,35,35,40,35,55,50,2,False,4,5,50
Skiploom,Grass,Flying,55,45,50,45,65,80,2,False,6,10,119
Jumpluff,Grass,Flying,75,55,70,55,95,110,2,False,8,30,207
Aipom,Normal,Normal,55,70,55,40,55,85,2,False,8,115,72
Sunkern,Grass,Normal,30,30,30,30,30,30,2,False,3,18,36
Sunflora,Grass,Normal,75,75,55,105,85,30,2,False,8,85,149
Yanma,Bug,Flying,65,65,45,75,45,95,2,False,12,380,78
Wooper,Water,Ground,55,45,45,25,25,15,2,False,4,85,42
Quagsire,Water,Ground,95,85,85,65,65,35,2,False,14,750,151
Espeon,Psychic,Normal,65,65,60,130,95,110,2,False,9,265,184
Umbreon,Dark,Normal,95,65,110,60,130,65,2,False,10,270,184
Murkrow,Dark,Flying,60,85,42,85,42,91,2,False,5,21,81
Slowking,Water,Psychic,95,75,80,100,110,30,2,False,20,795,172
Misdreavus,Ghost,Normal,60,60,60,85,85,85,2,False,7,10,87
Unown,Psychic,Normal,48,72,48,72,48,48,2,False,5,50,118
Wobbuffet,Psychic,Normal,190,33,58,33,58,33,2,False,13,285,142
Girafarig,Normal,Psychic,70,80,65,90,65,85,2,False,15,415,159
Pineco,Bug,Normal,50,65,90,35,35,15,2,False,6,72,58
Forretress,Bug,Steel,75,90,140,60,60,40,2,False,12,1258,163
Dunsparce,Normal,Normal,100,70,70,65,65,45,2,False,15,140,145
Gligar,Ground,Flying,65,75,105,35,65,85,2,False,11,648,86
Steelix,Steel,Ground,75,85,200,55,65,30,2,False,92,4000,179
Snubbull,Fairy,Normal,60,80,50,40,40,30,2,False,6,78,60
Granbull,Fairy,Normal,90,120,75,60,60,45,2,False,14,487,158
Qwilfish,Water,Poison,65,95,75,55,55,85,2,False,5,39,88
Scizor,Bug,Steel,70,130,100,55,80,65,2,False,18,1180,175
Shuckle,Bug,Rock,20,10,230,10,230,5,2,False,6,205,177
Heracross,Bug,Fighting,80,125,75,40,95,85,2,False,15,540,175
Sneasel,Dark,Ice,55,95,55,35,75,115,2,False,9,280,86
Teddiursa,Normal,Normal,60,80,50,50,50,40,2,False,6,88,66
Ursaring,Normal,Normal,90,130,75,75,75,55,2,False,18,1258,175
Slugma,Fire,Normal,40,40,40,70,40,20,2,False,7,350,50
Magcargo,Fire,Rock,50,50,120,80,80,30,2,False,8,550,151
Swinub,Ice,Ground,50,50,40,30,30,50,2,False,4,65,50
Piloswine,Ice,Ground,100,100,80,60,60,50,2,False,11,558,158
Corsola,Water,Rock,55,55,85,65,85,35,2,False,6,50,144
Remoraid,Water,Normal,35,65,35,65,35,65,2,False,6,120,60
Octillery,Water,Normal,75,105,75,105,75,45,2,False,9,285,168
Delibird,Ice,Flying,45,55,45,65,45,75,2,False,9,160,116
Mantine,Water,Flying,65,40,70,80,140,70,2,False,21,2200,170
Skarmory,Steel,Flying,65,80,140,40,70,70,2,False,17,505,163
Houndour,Dark,Fire,45,60,30,80,50,65,2,False,6,108,66
Houndoom,Dark,Fire,75,90,50,110,80,95,2,False,14,350,175
Kingdra,Water,Dragon,75,95,95,95,95,85,2,False,18,1520,243
Phanpy,Ground,Normal,90,60,60,40,40,40,2,False,5,335,66
Donphan,Ground,Normal,90,120,120,60,60,50,2,False,11,1200,175
Porygon2,Normal,Normal,85,80,90,105,95,60,2,False,6,325,180
Stantler,Normal,Normal,73,95,62,85,65,85,2,False,14,712,163
Smeargle,Normal,Normal,55,20,35,20,45,75,2,False,12,580,88
Tyrogue,Fighting,Normal,35,35,35,35,35,35,2,False,7,210,42
Hitmontop,Fighting,Normal,50,95,95,35,110,70,2,False,14,480,159
Smoochum,Ice,Psychic,45,30,15,85,65,65,2,False,4,60,61
Elekid,Electric,Normal,45,63,37,65,55,95,2,False,6,235,72
Magby,Fire,Normal,45,75,37,70,55,83,2,False,7,214,73
Miltank,Normal,Normal,95,80,105,40,70,100,2,False,12,755,172
Blissey,Normal,Normal,255,10,10,75,135,55,2,False,15,468,608
Raikou,Electric,Normal,90,85,75,115,100,115,2,True,19,1780,261
Entei,Fire,Normal,115,115,85,90,75,100,2,True,21,1980,261
Suicune,Water,Normal,100,75,115,90,115,85,2,True,20,1870,261
Larvitar,Rock,Ground,50,64,50,45,50,41,2,False,6,720,60
Pupitar,Rock,Ground,70,84,70,65,70,51,2,False,12,1520,144
Tyranitar,Rock,Dark,100,134,110,95,100,61,2,False,20,2020,270
Lugia,Psychic,Flying,106,90,130,90,154,110,2,True,52,2160,306
Ho-oh,Fire,Flying,106,130,90,110,154,90,2,True,38,1990,306
Celebi,Psychic,Grass,100,100,100,100,100,100,2,False,6,50,270
Treecko,Grass,Normal,40,45,35,65,55,70,3,False,5,50,62
Grovyle,Grass,Normal,50,65,45,85,65,95,3,False,9,216,142
Sceptile,Grass,Normal,70,85,65,105,85,120,3,False,17,522,239
Torchic,Fire,Normal,45,60,40,70,50,45,3,False,4,25,62
Combusken,Fire,Fighting,60,85,60,85,60,55,3,False,9,195,142
Blaziken,Fire,Fighting,80,120,70,110,70,80,3,False,19,520,239
Mudkip,Water,Normal,50,70,50,50,50,40,3,False,4,76,62
Marshtomp,Water,Ground,70,85,70,60,70,50,3,False,7,280,142
Swampert,Water,Ground,100,110,90,85,90,60,3,False,15,819,241
Poochyena,Dark,Normal,35,55,35,30,30,35,3,False,5,136,56
Mightyena,Dark,Normal,70,90,70,60,60,70,3,False,10,370,147
Zigzagoon,Normal,Normal,38,30,41,30,41,60,3,False,4,175,56
Linoone,Normal,Normal,78,70,61,50,61,100,3,False,5,325,147
Wurmple,Bug,Normal,45,45,35,20,30,20,3,False,3,36,56
Silcoon,Bug,Normal,50,35,55,25,25,15,3,False,6,100,72
Beautifly,Bug,Flying,60,70,50,100,50,65,3,False,10,284,178
Cascoon,Bug,Normal,50,35,55,25,25,15,3,False,7,115,72
Dustox,Bug,Poison,60,50,70,50,90,65,3,False,12,316,173
Lotad,Water,Grass,40,30,30,40,50,30,3,False,5,26,44
Lombre,Water,Grass,60,50,50,60,70,50,3,False,12,325,119
Ludicolo,Water,Grass,80,70,70,90,100,70,3,False,15,550,216
Seedot,Grass,Normal,40,40,50,30,30,30,3,False,5,40,44
Nuzleaf,Grass,Dark,70,70,40,60,40,60,3,False,10,280,119
Shiftry,Grass,Dark,90,100,60,90,60,80,3,False,13,596,216
Taillow,Normal,Flying,40,55,30,30,30,85,3,False,3,23,54
Swellow,Normal,Flying,60,85,60,50,50,125,3,False,7,198,159
Wingull,Water,Flying,40,30,30,55,30,85,3,False,6,95,54
Pelipper,Water,Flying,60,50,100,85,70,65,3,False,12,280,154
Ralts,Psychic,Fairy,28,25,25,45,35,40,3,False,4,66,40
Kirlia,Psychic,Fairy,38,35,35,65,55,50,3,False,8,202,97
Gardevoir,Psychic,Fairy,68,65,65,125,115,80,3,False,16,484,233
Surskit,Bug,Water,40,30,32,50,52,65,3,False,5,17,54
Masquerain,Bug,Flying,70,60,62,80,82,60,3,False,8,36,159
Shroomish,Grass,Normal,60,40,60,40,60,35,3,False,4,45,59
Breloom,Grass,Fighting,60,130,80,60,60,70,3,False,12,392,161
Slakoth,Normal,Normal,60,60,60,35,35,30,3,False,8,240,56
Vigoroth,Normal,Normal,80,80,80,55,55,90,3,False,14,465,154
Slaking,Normal,Normal,150,160,100,95,65,100,3,False,20,1305,252
Nincada,Bug,Ground,31,45,90,30,30,40,3,False,5,55,53
Ninjask,Bug,Flying,61,90,45,50,50,160,3,False,8,120,160
Shedinja,Bug,Ghost,1,90,45,30,30,40,3,False,8,12,83
Whismur,Normal,Normal,64,51,23,51,23,28,3,False,6,163,48
Loudred,Normal,Normal,84,71,43,71,43,48,3,False,10,405,126
Exploud,Normal,Normal,104,91,63,91,73,68,3,False,15,840,221
Makuhita,Fighting,Normal,72,60,30,20,30,25,3,False,10,864,47
Hariyama,Fighting,Normal,144,120,60,40,60,50,3,False,23,2538,166
Azurill,Normal,Fairy,50,20,40,20,40,20,3,False,2,20,38
Nosepass,Rock,Normal,30,45,135,45,90,30,3,False,10,970,75
Skitty,Normal,Normal,50,45,45,35,35,50,3,False,6,110,52
Delcatty,Normal,Normal,70,65,65,55,55,70,3,False,11,326,140
Sableye,Dark,Ghost,50,75,75,65,65,50,3,False,5,110,133
Mawile,Steel,Fairy,50,85,85,55,55,50,3,False,6,115,133
Aron,Steel,Rock,50,70,100,40,40,30,3,False,4,600,66
Lairon,Steel,Rock,60,90,140,50,50,40,3,False,9,1200,151
Aggron,Steel,Rock,70,110,180,60,60,50,3,False,21,3600,239
Meditite,Fighting,Psychic,30,40,55,40,55,60,3,False,6,112,56
Medicham,Fighting,Psychic,60,60,75,60,75,80,3,False,13,315,144
Electrike,Electric,Normal,40,45,40,65,40,65,3,False,6,152,59
Manectric,Electric,Normal,70,75,60,105,60,105,3,False,15,402,166
Plusle,Electric,Normal,60,50,40,85,75,95,3,False,4,42,142
Minun,Electric,Normal,60,40,50,75,85,95,3,False,4,42,142
Volbeat,Bug,Normal,65,73,55,47,75,85,3,False,7,177,151
Illumise,Bug,Normal,65,47,55,73,75,85,3,False,6,177,151
Roselia,Grass,Poison,50,60,45,100,80,65,3,False,3,20,140
Gulpin,Poison,Normal,70,43,53,43,53,40,3,False,4,103,60
Swalot,Poison,Normal,100,73,83,73,83,55,3,False,17,800,163
Carvanha,Water,Dark,45,90,20,65,20,65,3,False,8,208,61
Sharpedo,Water,Dark,70,120,40,95,40,95,3,False,18,888,161
Wailmer,Water,Normal,130,70,35,70,35,60,3,False,20,1300,80
Wailord,Water,Normal,170,90,45,90,45,60,3,False,145,3980,175
Numel,Fire,Ground,60,60,40,65,45,35,3,False,7,240,61
Camerupt,Fire,Ground,70,100,70,105,75,40,3,False,19,2200,161
Torkoal,Fire,Normal,70,85,140,85,70,20,3,False,5,804,165
Spoink,Psychic,Normal,60,25,35,70,80,60,3,False,7,306,66
Grumpig,Psychic,Normal,80,45,65,90,110,80,3,False,9,715,165
Spinda,Normal,Normal,60,60,60,60,60,60,3,False,11,50,126
Trapinch,Ground,Normal,45,100,45,45,45,10,3,False,7,150,58
Vibrava,Ground,Dragon,50,70,50,50,50,70,3,False,11,153,119
Flygon,Ground,Dragon,80,100,80,80,80,100,3,False,20,820,234
Cacnea,Grass,Normal,50,85,40,85,40,35,3,False,4,513,67
Cacturne,Grass,Dark,70,115,60,115,60,55,3,False,13,774,166
Swablu,Normal,Flying,45,40,60,40,75,50,3,False,4,12,62
Altaria,Dragon,Flying,75,70,90,70,105,80,3,False,11,206,172
Zangoose,Normal,Normal,73,115,60,60,60,90,3,False,13,403,160
Seviper,Poison,Normal,73,100,60,100,60,65,3,False,27,525,160
Lunatone,Rock,Psychic,70,55,65,95,85,70,3,False,10,1680,161
Solrock,Rock,Psychic,70,95,85,55,65,70,3,False,12,1540,161
Barboach,Water,Ground,50,48,43,46,41,60,3,False,4,19,58
Whiscash,Water,Ground,110,78,73,76,71,60,3,False,9,236,164
Corphish,Water,Normal,43,80,65,50,35,35,3,False,6,115,62
Crawdaunt,Water,Dark,63,120,85,90,55,55,3,False,11,328,164
Baltoy,Ground,Psychic,40,40,55,40,70,55,3,False,5,215,60
Claydol,Ground,Psychic,60,70,105,70,120,75,3,False,15,1080,175
Lileep,Rock,Grass,66,41,77,61,87,23,3,False,10,238,71
Cradily,Rock,Grass,86,81,97,81,107,43,3,False,15,604,173
Anorith,Rock,Bug,45,95,50,40,50,75,3,False,7,125,71
Armaldo,Rock,Bug,75,125,100,70,80,45,3,False,15,682,173
Feebas,Water,Normal,20,15,20,10,55,80,3,False,6,74,40
Milotic,Water,Normal,95,60,79,100,125,81,3,False,62,1620,189
Castform,Normal,Normal,70,70,70,70,70,70,3,False,3,8,147
Kecleon,Normal,Normal,60,90,70,60,120,40,3,False,10,220,154
Shuppet,Ghost,Normal,44,75,35,63,33,45,3,False,6,23,59
Banette,Ghost,Normal,64,115,65,83,63,65,3,False,11,125,159
Duskull,Ghost,Normal,20,40,90,30,90,25,3,False,8,150,59
Dusclops,Ghost,Normal,40,70,130,60,130,25,3,False,16,306,159
Tropius,Grass,Flying,99,68,83,72,87,51,3,False,20,1000,161
Chimecho,Psychic,Normal,65,50,70,95,80,65,3,False,6,10,159
Absol,Dark,Normal,65,130,60,75,60,75,3,False,12,470,163
Wynaut,Psychic,Normal,95,23,48,23,48,23,3,False,6,140,52
Snorunt,Ice,Normal,50,50,50,50,50,50,3,False,7,168,60
Glalie,Ice,Normal,80,80,80,80,80,80,3,False,15,2565,168
Spheal,Ice,Water,70,40,50,55,50,25,3,False,8,395,58
Sealeo,Ice,Water,90,60,70,75,70,45,3,False,11,876,144
Walrein,Ice,Water,110,80,90,95,90,65,3,False,14,1506,239
Clamperl,Water,Normal,35,64,85,74,55,32,3,False,4,525,69
Huntail,Water,Normal,55,104,105,94,75,52,3,False,17,270,170
Gorebyss,Water,Normal,55,84,105,114,75,52,3,False,18,226,170
Relicanth,Water,Rock,100,90,130,45,65,55,3,False,10,234,170
Luvdisc,Water,Normal,43,30,55,40,65,97,3,False,6,87,116
Bagon,Dragon,Normal,45,75,60,40,30,50,3,False,6,421,60
Shelgon,Dragon,Normal,65,95,100,60,50,50,3,False,11,1105,147
Salamence,Dragon,Flying,95,135,80,110,80,100,3,False,15,1026,270
Beldum,Steel,Psychic,40,55,80,35,60,30,3,False,6,952,60
Metang,Steel,Psychic,60,75,100,55,80,50,3,False,12,2025,147
Metagross,Steel,Psychic,80,135,130,95,90,70,3,False,16,5500,270
Regirock,Rock,Normal,80,100,200,50,100,50,3,True,17,2300,261
Regice,Ice,Normal,80,50,100,100,200,50,3,True,18,1750,261
Registeel,Steel,Normal,80,75,150,75,150,50,3,True,19,2050,261
Latias,Dragon,Psychic,80,80,90,110,130,110,3,True,14,400,270
Latios,Dragon,Psychic,80,90,80,130,110,110,3,True,20,600,270
Kyogre,Water,Normal,100,100,90,150,140,90,3,True,45,3520,302
Groudon,Ground,Normal,100,150,140,100,90,90,3,True,35,9500,302
Rayquaza,Dragon,Flying,105,150,90,150,90,95,3,True,70,2065,306
Jirachi,Steel,Psychic,100,100,100,100,100,100,3,True,3,11,270
Turtwig,Grass,Normal,55,68,64,45,55,31,4,False,4,102,64
Grotle,Grass,Normal,75,89,85,55,65,36,4,False,11,970,142
Torterra,Grass,Ground,95,109,105,75,85,56,4,False,22,3100,236
Chimchar,Fire,Normal,44,58,44,58,44,61,4,False,5,62,62
Monferno,Fire,Fighting,64,78,52,78,52,81,4,False,9,220,142
Infernape,Fire,Fighting,76,104,71,104,71,108,4,False,12,550,240
Piplup,Water,Normal,53,51,53,61,56,40,4,False,4,52,63
Prinplup,Water,Normal,64,66,68,81,76,50,4,False,8,230,142
Empoleon,Water,Steel,84,86,88,111,101,60,4,False,17,845,239
Starly,Normal,Flying,40,55,30,30,30,60,4,False,3,20,49
Staravia,Normal,Flying,55,75,50,40,40,80,4,False,6,155,119
Staraptor,Normal,Flying,85,120,70,50,60,100,4,False,12,249,218
Bidoof,Normal,Normal,59,45,40,35,40,31,4,False,5,200,50
Bibarel,Normal,Water,79,85,60,55,60,71,4,False,10,315,144
Kricketot,Bug,Normal,37,25,41,25,41,25,4,False,3,22,39
Kricketune,Bug,Normal,77,85,51,55,51,65,4,False,10,255,134
Shinx,Electric,Normal,45,65,34,40,34,45,4,False,5,95,53
Luxio,Electric,Normal,60,85,49,60,49,60,4,False,9,305,127
Luxray,Electric,Normal,80,120,79,95,79,70,4,False,14,420,235
Budew,Grass,Poison,40,30,35,50,70,55,4,False,2,12,56
Roserade,Grass,Poison,60,70,65,125,105,90,4,False,9,145,232
Cranidos,Rock,Normal,67,125,40,30,30,58,4,False,9,315,70
Rampardos,Rock,Normal,97,165,60,65,50,58,4,False,16,1025,173
Shieldon,Rock,Steel,30,42,118,42,88,30,4,False,5,570,70
Bastiodon,Rock,Steel,60,52,168,47,138,30,4,False,13,1495,173
Burmy,Bug,Normal,40,29,45,29,45,36,4,False,2,34,45
Mothim,Bug,Flying,70,94,50,94,50,66,4,False,9,233,148
Combee,Bug,Flying,30,30,42,30,42,70,4,False,3,55,49
Vespiquen,Bug,Flying,70,80,102,80,102,40,4,False,12,385,166
Pachirisu,Electric,Normal,60,45,70,45,90,95,4,False,4,39,142
Buizel,Water,Normal,55,65,35,60,30,85,4,False,7,295,66
Floatzel,Water,Normal,85,105,55,85,50,115,4,False,11,335,173
Cherubi,Grass,Normal,45,35,45,62,53,35,4,False,4,33,55
Cherrim,Grass,Normal,70,60,70,87,78,85,4,False,5,93,158
Shellos,Water,Normal,76,48,48,57,62,34,4,False,3,63,65
Gastrodon,Water,Ground,111,83,68,92,82,39,4,False,9,299,166
Ambipom,Normal,Normal,75,100,66,60,66,115,4,False,12,203,169
Drifloon,Ghost,Flying,90,50,34,60,44,70,4,False,4,12,70
Drifblim,Ghost,Flying,150,80,44,90,54,80,4,False,12,150,174
Buneary,Normal,Normal,55,66,44,44,56,85,4,False,4,55,70
Lopunny,Normal,Normal,65,76,84,54,96,105,4,False,12,333,168
Mismagius,Ghost,Normal,60,60,60,105,105,105,4,False,9,44,173
Honchkrow,Dark,Flying,100,125,52,105,52,71,4,False,9,273,177
Glameow,Normal,Normal,49,55,42,42,37,85,4,False,5,39,62
Purugly,Normal,Normal,71,82,64,64,59,112,4,False,10,438,158
Chingling,Psychic,Normal,45,30,50,65,50,45,4,False,2,6,57
Stunky,Poison,Dark,63,63,47,41,41,74,4,False,4,192,66
Skuntank,Poison,Dark,103,93,67,71,61,84,4,False,10,380,168
Bronzor,Steel,Psychic,57,24,86,24,86,23,4,False,5,605,60
Bronzong,Steel,Psychic,67,89,116,79,116,33,4,False,13,1870,175
Bonsly,Rock,Normal,50,80,95,10,45,10,4,False,5,150,58
Happiny,Normal,Normal,100,5,5,15,65,30,4,False,6,244,110
Chatot,Normal,Flying,76,65,45,92,42,91,4,False,5,19,144
Spiritomb,Ghost,Dark,50,92,108,92,108,35,4,False,10,1080,170
Gible,Dragon,Ground,58,70,45,40,45,42,4,False,7,205,60
Gabite,Dragon,Ground,68,90,65,50,55,82,4,False,14,560,144
Garchomp,Dragon,Ground,108,130,95,80,85,102,4,False,19,950,270
Munchlax,Normal,Normal,135,85,40,40,85,5,4,False,6,1050,78
Riolu,Fighting,Normal,40,70,40,35,40,60,4,False,7,202,57
Lucario,Fighting,Steel,70,110,70,115,70,90,4,False,12,540,184
Hippopotas,Ground,Normal,68,72,78,38,42,32,4,False,8,495,66
Hippowdon,Ground,Normal,108,112,118,68,72,47,4,False,20,3000,184
Skorupi,Poison,Bug,40,50,90,30,55,65,4,False,8,120,66
Drapion,Poison,Dark,70,90,110,60,75,95,4,False,13,615,175
Croagunk,Poison,Fighting,48,61,40,61,40,50,4,False,7,230,60
Toxicroak,Poison,Fighting,83,106,65,86,65,85,4,False,13,444,172
Carnivine,Grass,Normal,74,100,72,90,72,46,4,False,14,270,159
Finneon,Water,Normal,49,49,56,49,61,66,4,False,4,70,66
Lumineon,Water,Normal,69,69,76,69,86,91,4,False,12,240,161
Mantyke,Water,Flying,45,20,50,60,120,50,4,False,10,650,69
Snover,Grass,Ice,60,62,50,62,60,40,4,False,10,505,67
Abomasnow,Grass,Ice,90,92,75,92,85,60,4,False,22,1355,173
Weavile,Dark,Ice,70,120,65,45,85,125,4,False,11,340,179
Magnezone,Electric,Steel,70,70,115,130,90,60,4,False,12,1800,241
Lickilicky,Normal,Normal,110,85,95,80,95,50,4,False,17,1400,180
Rhyperior,Ground,Rock,115,140,130,55,55,40,4,False,24,2828,241
Tangrowth,Grass,Normal,100,100,125,110,50,50,4,False,20,1286,187
Electivire,Electric,Normal,75,123,67,95,85,95,4,False,18,1386,243
Magmortar,Fire,Normal,75,95,67,125,95,83,4,False,16,680,243
Togekiss,Fairy,Flying,85,50,95,120,115,80,4,False,15,380,245
Yanmega,Bug,Flying,86,76,86,116,56,95,4,False,19,515,180
Leafeon,Grass,Normal,65,110,130,60,65,95,4,False,10,255,184
Glaceon,Ice,Normal,65,60,110,130,95,65,4,False,8,259,184
Gliscor,Ground,Flying,75,95,125,45,75,95,4,False,20,425,179
Mamoswine,Ice,Ground,110,130,80,70,60,80,4,False,25,2910,239
Porygon-Z,Normal,Normal,85,80,70,135,75,90,4,False,9,340,241
Gallade,Psychic,Fighting,68,125,65,65,115,80,4,False,16,520,233
Probopass,Rock,Steel,60,55,145,75,150,40,4,False,14,3400,184
Dusknoir,Ghost,Normal,45,100,135,65,135,45,4,False,22,1066,236
Froslass,Ice,Ghost,70,80,70,80,70,110,4,False,13,266,168
Rotom,Electric,Ghost,50,50,77,95,77,91,4,False,3,3,154
Uxie,Psychic,Normal,75,75,130,75,130,95,4,True,3,3,261
Mesprit,Psychic,Normal,80,105,105,105,105,80,4,True,3,3,261
Azelf,Psychic,Normal,75,125,70,125,70,115,4,True,3,3,261
Dialga,Steel,Dragon,100,120,120,150,100,90,4,True,54,6830,306
Palkia,Water,Dragon,90,120,100,150,120,100,4,True,42,3360,306
Heatran,Fire,Steel,91,90,106,130,106,77,4,True,17,4300,270
Regigigas,Normal,Normal,110,160,110,80,110,100,4,True,37,4200,302
Cresselia,Psychic,Normal,120,70,120,75,130,85,4,False,15,856,270
Phione,Water,Normal,80,80,80,80,80,80,4,False,4,31,216
Manaphy,Water,Normal,100,100,100,100,100,100,4,False,3,14,270
Darkrai,Dark,Normal,70,90,90,135,90,125,4,True,15,505,270
Arceus,Normal,Normal,120,120,120,120,120,120,4,True,32,3200,324
Victini,Psychic,Fire,100,100,100,100,100,100,5,True,4,40,270
Snivy,Grass,Normal,45,45,55,45,55,63,5,False,6,81,62
Servine,Grass,Normal,60,60,75,60,75,83,5,False,8,160,145
Serperior,Grass,Normal,75,75,95,75,95,113,5,False,33,630,238
Tepig,Fire,Normal,65,63,45,45,45,45,5,False,5,99,62
Pignite,Fire,Fighting,90,93,55,70,55,55,5,False,10,555,146
Emboar,Fire,Fighting,110,123,65,100,65,65,5,False,16,1500,238
Oshawott,Water,Normal,55,55,45,63,45,45,5,False,5,59,62
Dewott,Water,Normal,75,75,60,83,60,60,5,False,8,245,145
Samurott,Water,Normal,95,100,85,108,70,70,5,False,15,946,238
Patrat,Normal,Normal,45,55,39,35,39,42,5,False,5,116,51
Watchog,Normal,Normal,60,85,69,60,69,77,5,False,11,270,147
Lillipup,Normal,Normal,45,60,45,25,45,55,5,False,4,41,55
Herdier,Normal,Normal,65,80,65,35,65,60,5,False,9,147,130
Stoutland,Normal,Normal,85,110,90,45,90,80,5,False,12,610,225
Purrloin,Dark,Normal,41,50,37,50,37,66,5,False,4,101,56
Liepard,Dark,Normal,64,88,50,88,50,106,5,False,11,375,156
Pansage,Grass,Normal,50,53,48,53,48,64,5,False,6,105,63
Simisage,Grass,Normal,75,98,63,98,63,101,5,False,11,305,174
Pansear,Fire,Normal,50,53,48,53,48,64,5,False,6,110,63
Simisear,Fire,Normal,75,98,63,98,63,101,5,False,10,280,174
Panpour,Water,Normal,50,53,48,53,48,64,5,False,6,135,63
Simipour,Water,Normal,75,98,63,98,63,101,5,False,10,290,174
Munna,Psychic,Normal,76,25,45,67,55,24,5,False,6,233,58
Musharna,Psychic,Normal,116,55,85,107,95,29,5,False,11,605,170
Pidove,Normal,Flying,50,55,50,36,30,43,5,False,3,21,53
Tranquill,Normal,Flying,62,77,62,50,42,65,5,False,6,150,125
Unfezant,Normal,Flying,80,115,80,65,55,93,5,False,12,290,220
Blitzle,Electric,Normal,45,60,32,50,32,76,5,False,8,298,59
Zebstrika,Electric,Normal,75,100,63,80,63,116,5,False,16,795,174
Roggenrola,Rock,Normal,55,75,85,25,25,15,5,False,4,180,56
Boldore,Rock,Normal,70,105,105,50,40,20,5,False,9,1020,137
Gigalith,Rock,Normal,85,135,130,60,80,25,5,False,17,2600,232
Woobat,Psychic,Flying,55,45,43,55,43,72,5,False,4,21,65
Swoobat,Psychic,Flying,67,57,55,77,55,114,5,False,9,105,149
Drilbur,Ground,Normal,60,85,40,30,45,68,5,False,3,85,66
Excadrill,Ground,Steel,110,135,60,50,65,88,5,False,7,404,178
Audino,Normal,Normal,103,60,86,60,86,50,5,False,11,310,390
Timburr,Fighting,Normal,75,80,55,25,35,35,5,False,6,125,61
Gurdurr,Fighting,Normal,85,105,85,40,50,40,5,False,12,400,142
Conkeldurr,Fighting,Normal,105,140,95,55,65,45,5,False,14,870,227
Tympole,Water,Normal,50,50,40,50,40,64,5,False,5,45,59
Palpitoad,Water,Ground,75,65,55,65,55,69,5,False,8,170,134
Seismitoad,Water,Ground,105,95,75,85,75,74,5,False,15,620,229
Throh,Fighting,Normal,120,100,85,30,85,45,5,False,13,555,163
Sawk,Fighting,Normal,75,125,75,30,75,85,5,False,14,510,163
Sewaddle,Bug,Grass,45,53,70,40,60,42,5,False,3,25,62
Swadloon,Bug,Grass,55,63,90,50,80,42,5,False,5,73,133
Leavanny,Bug,Grass,75,103,80,70,80,92,5,False,12,205,225
Venipede,Bug,Poison,30,45,59,30,39,57,5,False,4,53,52
Whirlipede,Bug,Poison,40,55,99,40,79,47,5,False,12,585,126
Scolipede,Bug,Poison,60,100,89,55,69,112,5,False,25,2005,218
Cottonee,Grass,Fairy,40,27,60,37,50,66,5,False,3,6,56
Whimsicott,Grass,Fairy,60,67,85,77,75,116,5,False,7,66,168
Petilil,Grass,Normal,45,35,50,70,50,30,5,False,5,66,56
Lilligant,Grass,Normal,70,60,75,110,75,90,5,False,11,163,168
Sandile,Ground,Dark,50,72,35,35,35,65,5,False,7,152,58
Krokorok,Ground,Dark,60,82,45,45,45,74,5,False,10,334,123
Krookodile,Ground,Dark,95,117,80,65,70,92,5,False,15,963,234
Darumaka,Fire,Normal,70,90,45,15,45,50,5,False,6,375,63
Maractus,Grass,Normal,75,86,67,106,67,60,5,False,10,280,161
Dwebble,Bug,Rock,50,65,85,35,35,55,5,False,3,145,65
Crustle,Bug,Rock,70,95,125,65,75,45,5,False,14,2000,170
Scraggy,Dark,Fighting,50,75,70,35,70,48,5,False,6,118,70
Scrafty,Dark,Fighting,65,90,115,45,115,58,5,False,11,300,171
Sigilyph,Psychic,Flying,72,58,80,103,80,97,5,False,14,140,172
Yamask,Ghost,Normal,38,30,85,55,65,30,5,False,5,15,61
Cofagrigus,Ghost,Normal,58,50,145,95,105,30,5,False,17,765,169
Tirtouga,Water,Rock,54,78,103,53,45,22,5,False,7,165,71
Carracosta,Water,Rock,74,108,133,83,65,32,5,False,12,810,173
Archen,Rock,Flying,55,112,45,74,45,70,5,False,5,95,71
Archeops,Rock,Flying,75,140,65,112,65,110,5,False,14,320,177
Trubbish,Poison,Normal,50,50,62,40,62,65,5,False,6,310,66
Garbodor,Poison,Normal,80,95,82,60,82,75,5,False,19,1073,166
Zorua,Dark,Normal,40,65,40,80,40,65,5,False,7,125,66
Zoroark,Dark,Normal,60,105,60,120,60,105,5,False,16,811,179
Minccino,Normal,Normal,55,50,40,40,40,75,5,False,4,58,60
Cinccino,Normal,Normal,75,95,60,65,60,115,5,False,5,75,165
Gothita,Psychic,Normal,45,30,50,55,65,45,5,False,4,58,58
Gothorita,Psychic,Normal,60,45,70,75,85,55,5,False,7,180,137
Gothitelle,Psychic,Normal,70,55,95,95,110,65,5,False,15,440,221
Solosis,Psychic,Normal,45,30,40,105,50,20,5,False,3,10,58
Duosion,Psychic,Normal,65,40,50,125,60,30,5,False,6,80,130
Reuniclus,Psychic,Normal,110,65,75,125,85,30,5,False,10,201,221
Ducklett,Water,Flying,62,44,50,44,50,55,5,False,5,55,61
Swanna,Water,Flying,75,87,63,87,63,98,5,False,13,242,166
Vanillite,Ice,Normal,36,50,50,65,60,44,5,False,4,57,61
Vanillish,Ice,Normal,51,65,65,80,75,59,5,False,11,410,138
Vanilluxe,Ice,Normal,71,95,85,110,95,79,5,False,13,575,241
Deerling,Normal,Grass,60,60,50,40,50,75,5,False,6,195,67
Sawsbuck,Normal,Grass,80,100,70,60,70,95,5,False,19,925,166
Emolga,Electric,Flying,55,75,60,75,60,103,5,False,4,50,150
Karrablast,Bug,Normal,50,75,45,40,45,60,5,False,5,59,63
Escavalier,Bug,Steel,70,135,105,60,105,20,5,False,10,330,173
Foongus,Grass,Poison,69,55,45,55,55,15,5,False,2,10,59
Amoonguss,Grass,Poison,114,85,70,85,80,30,5,False,6,105,162
Frillish,Water,Ghost,55,40,50,65,85,40,5,False,12,330,67
Jellicent,Water,Ghost,100,60,70,85,105,60,5,False,22,1350,168
Alomomola,Water,Normal,165,75,80,40,45,65,5,False,12,316,165
Joltik,Bug,Electric,50,47,50,57,50,65,5,False,1,6,64
Galvantula,Bug,Electric,70,77,60,97,60,108,5,False,8,143,165
Ferroseed,Grass,Steel,44,50,91,24,86,10,5,False,6,188,61
Ferrothorn,Grass,Steel,74,94,131,54,116,20,5,False,10,1100,171
Klink,Steel,Normal,40,55,70,45,60,30,5,False,3,210,60
Klang,Steel,Normal,60,80,95,70,85,50,5,False,6,510,154
Klinklang,Steel,Normal,60,100,115,70,85,90,5,False,6,810,234
Tynamo,Electric,Normal,35,55,40,45,40,60,5,False,2,3,55
Eelektrik,Electric,Normal,65,85,70,75,70,40,5,False,12,220,142
Eelektross,Electric,Normal,85,115,80,105,80,50,5,False,21,805,232
Elgyem,Psychic,Normal,55,55,55,85,55,30,5,False,5,90,67
Beheeyem,Psychic,Normal,75,75,75,125,95,40,5,False,10,345,170
Litwick,Ghost,Fire,50,30,55,65,55,20,5,False,3,31,55
Lampent,Ghost,Fire,60,40,60,95,60,55,5,False,6,130,130
Chandelure,Ghost,Fire,60,55,90,145,90,80,5,False,10,343,234
Axew,Dragon,Normal,46,87,60,30,40,57,5,False,6,180,64
Fraxure,Dragon,Normal,66,117,70,40,50,67,5,False,10,360,144
Haxorus,Dragon,Normal,76,147,90,60,70,97,5,False,18,1055,243
Cubchoo,Ice,Normal,55,70,40,60,40,40,5,False,5,85,61
Beartic,Ice,Normal,95,110,80,70,80,50,5,False,26,2600,177
Cryogonal,Ice,Normal,70,50,30,95,135,105,5,False,11,1480,180
Shelmet,Bug,Normal,50,40,85,40,65,25,5,False,4,77,61
Accelgor,Bug,Normal,80,70,40,100,60,145,5,False,8,253,173
Stunfisk,Ground,Electric,109,66,84,81,99,32,5,False,7,110,165
Mienfoo,Fighting,Normal,45,85,50,55,50,65,5,False,9,200,70
Mienshao,Fighting,Normal,65,125,60,95,60,105,5,False,14,355,179
Druddigon,Dragon,Normal,77,120,90,60,90,48,5,False,16,1390,170
Golett,Ground,Ghost,59,74,50,35,50,35,5,False,10,920,61
Golurk,Ground,Ghost,89,124,80,55,80,55,5,False,28,3300,169
Pawniard,Dark,Steel,45,85,70,40,40,60,5,False,5,102,68
Bisharp,Dark,Steel,65,125,100,60,70,70,5,False,16,700,172
Bouffalant,Normal,Normal,95,110,95,40,95,55,5,False,16,946,172
Rufflet,Normal,Flying,70,83,50,37,50,60,5,False,5,105,70
Braviary,Normal,Flying,100,123,75,57,75,80,5,False,15,410,179
Vullaby,Dark,Flying,70,55,75,45,65,60,5,False,5,90,74
Mandibuzz,Dark,Flying,110,65,105,55,95,80,5,False,12,395,179
Heatmor,Fire,Normal,85,97,66,105,66,65,5,False,14,580,169
Durant,Bug,Steel,58,109,112,48,48,109,5,False,3,330,169
Deino,Dark,Dragon,52,65,50,45,50,38,5,False,8,173,60
Zweilous,Dark,Dragon,72,85,70,65,70,58,5,False,14,500,147
Hydreigon,Dark,Dragon,92,105,90,125,90,98,5,False,18,1600,270
Larvesta,Bug,Fire,55,85,55,50,55,60,5,False,11,288,72
Volcarona,Bug,Fire,85,60,65,135,105,100,5,False,16,460,248
Cobalion,Steel,Fighting,91,90,129,90,72,108,5,True,21,2500,261
Terrakion,Rock,Fighting,91,129,90,72,90,108,5,True,19,2600,261
Virizion,Grass,Fighting,91,90,72,90,129,108,5,True,20,2000,261
Reshiram,Dragon,Fire,100,120,100,150,120,90,5,True,32,3300,306
Zekrom,Dragon,Electric,100,150,120,120,100,90,5,True,29,3450,306
Kyurem,Dragon,Ice,125,130,90,130,90,95,5,True,30,3250,297
Genesect,Bug,Steel,71,120,95,120,95,99,5,False,15,825,270
Chespin,Grass,Normal,56,61,65,48,45,38,6,False,4,90,63
Quilladin,Grass,Normal,61,78,95,56,58,57,6,False,7,290,142
Chesnaught,Grass,Fighting,88,107,122,74,75,64,6,False,16,900,239
Fennekin,Fire,Normal,40,45,40,62,60,60,6,False,4,94,61
Braixen,Fire,Normal,59,59,58,90,70,73,6,False,10,145,143
Delphox,Fire,Psychic,75,69,72,114,100,104,6,False,15,390,240
Froakie,Water,Normal,41,56,40,62,44,71,6,False,3,70,63
Frogadier,Water,Normal,54,63,52,83,56,97,6,False,6,109,142
Greninja,Water,Dark,72,95,67,103,71,122,6,False,15,400,239
Bunnelby,Normal,Normal,38,36,38,32,36,57,6,False,4,50,47
Diggersby,Normal,Ground,85,56,77,50,77,78,6,False,10,424,148
Fletchling,Normal,Flying,45,50,43,40,38,62,6,False,3,17,56
Fletchinder,Fire,Flying,62,73,55,56,52,84,6,False,7,160,134
Talonflame,Fire,Flying,78,81,71,74,69,126,6,False,12,245,175
Scatterbug,Bug,Normal,38,35,40,27,25,35,6,False,3,25,40
Spewpa,Bug,Normal,45,22,60,27,30,29,6,False,3,84,75
Vivillon,Bug,Flying,80,52,50,90,50,89,6,False,12,170,185
Litleo,Fire,Normal,62,50,58,73,54,72,6,False,6,135,74
Pyroar,Fire,Normal,86,68,72,109,66,106,6,False,15,815,177
Floette,Fairy,Normal,54,45,47,75,98,52,6,False,2,9,130
Florges,Fairy,Normal,78,65,68,112,154,75,6,False,11,100,248
Skiddo,Grass,Normal,66,65,48,62,57,52,6,False,9,310,70
Gogoat,Grass,Normal,123,100,62,97,81,68,6,False,17,910,186
Pancham,Fighting,Normal,67,82,62,46,48,43,6,False,6,80,70
Pangoro,Fighting,Dark,95,124,78,69,71,58,6,False,21,1360,173
Furfrou,Normal,Normal,75,80,60,65,90,102,6,False,12,280,165
Espurr,Psychic,Normal,62,48,54,63,60,68,6,False,3,35,71
Honedge,Steel,Ghost,45,80,100,35,37,28,6,False,8,20,65
Doublade,Steel,Ghost,59,110,150,45,49,35,6,False,8,45,157
Spritzee,Fairy,Normal,78,52,60,63,65,23,6,False,2,5,68
Aromatisse,Fairy,Normal,101,72,72,99,89,29,6,False,8,155,162
Swirlix,Fairy,Normal,62,48,66,59,57,49,6,False,4,35,68
Slurpuff,Fairy,Normal,82,80,86,85,75,72,6,False,8,50,168
Inkay,Dark,Psychic,53,54,53,37,46,45,6,False,4,35,58
Malamar,Dark,Psychic,86,92,88,68,75,73,6,False,15,470,169
Binacle,Rock,Water,42,52,67,39,56,50,6,False,5,310,61
Barbaracle,Rock,Water,72,105,115,54,86,68,6,False,13,960,175
Skrelp,Poison,Water,50,60,60,60,60,30,6,False,5,73,64
Dragalge,Poison,Dragon,65,75,90,97,123,44,6,False,18,815,173
Clauncher,Water,Normal,50,53,62,58,63,44,6,False,5,83,66
Clawitzer,Water,Normal,71,73,88,120,89,59,6,False,13,353,100
Helioptile,Electric,Normal,44,38,33,61,43,70,6,False,5,60,58
Heliolisk,Electric,Normal,62,55,52,109,94,109,6,False,10,210,168
Tyrunt,Rock,Dragon,58,89,77,45,45,48,6,False,8,260,72
Tyrantrum,Rock,Dragon,82,121,119,69,59,71,6,False,25,2700,182
Amaura,Rock,Ice,77,59,50,67,63,46,6,False,13,252,72
Aurorus,Rock,Ice,123,77,72,99,92,58,6,False,27,2250,104
Sylveon,Fairy,Normal,95,65,65,110,130,60,6,False,10,235,184
Hawlucha,Fighting,Flying,78,92,75,74,63,118,6,False,8,215,175
Dedenne,Electric,Fairy,67,58,57,81,67,101,6,False,2,22,151
Carbink,Rock,Fairy,50,50,150,50,150,50,6,False,3,57,100
Goomy,Dragon,Normal,45,50,35,55,75,40,6,False,3,28,60
Sliggoo,Dragon,Normal,68,75,53,83,113,60,6,False,8,175,158
Goodra,Dragon,Normal,90,100,70,110,150,80,6,False,20,1505,270
Klefki,Steel,Fairy,57,80,91,80,87,75,6,False,2,30,165
Phantump,Ghost,Grass,43,70,48,50,60,38,6,False,4,70,62
Trevenant,Ghost,Grass,85,110,76,65,82,56,6,False,15,710,166
Bergmite,Ice,Normal,55,69,85,32,35,28,6,False,10,995,61
Avalugg,Ice,Normal,95,117,184,44,46,28,6,False,20,5050,180
Noibat,Flying,Dragon,40,30,35,45,40,55,6,False,5,80,49
Noivern,Flying,Dragon,85,70,80,97,80,123,6,False,15,850,187
Xerneas,Fairy,Normal,126,131,95,131,98,99,6,True,30,2150,306
Yveltal,Dark,Flying,126,131,95,131,98,99,6,True,58,2030,306
Diancie,Rock,Fairy,50,100,150,100,150,50,6,True,7,88,270
Volcanion,Fire,Water,80,110,120,130,90,70,6,True,17,1950,270
